Luk;3430206100;‚Â‰ÓÏ˚È Clutch disc;40
Luk;3430217100;Clutch disc;65
Luk;336000710;Clutch disc;74
Luk;3430145100;Clutch disc;51
Luk;343005510;Clutch disc;0
Luk;343003110;Clutch disc;98
Wabco;9700511910;Cylinder G/P/R/T93/113 G/P/R/T82/92 CH 1111037;97
Wabco;8937712334;8937712334 Fitting M16x1,5 / tube 10x1,0  WABCO;98
Wabco;8937712344;8937712344 Fitting M14x1,5 / tube 8x1,0  WABCO;62
Wabco;8937712364;8937712364 Fitting M12x1,5 / tube 6x1,0  WABCO;0
Wabco;8961301234;8961301234 Airbags MAN WABCO;39
Wabco;4386041230;Shock absorber cab pneumatic rear MAN P26/13E*38A2;60
Eberspacher;22.1000.30.6900;ADAPT FOR TESTR 22151289;72
Eberspacher;22.1000.30.2000;ADAPTOR CABLE EDITH;100
Eberspacher;22.1000.31.3700;BEDIENEINRICHTUNG 24V;72
Eberspacher;25.1688.89.0001;BEND 90 DEG X 60MM;17
Eberspacher;22.1000.01.0027;BRANCH 75/75/75;43
Eberspacher;25.1895.01.0200;CABLE COVER D1/3LCC;96
Eberspacher;25.1997.01.0002;CASING D9/10W;0
Euroricambi;98531247;BEARING 40X80X32 MM;36
Euroricambi;74170138;BIMETALLIC BUSH;28
Euroricambi;95532298;BIMETALLIC BUSH;97
Euroricambi;60531170;BOLT;24
Euroricambi;95532291;BUSH;0
Euroricambi;30170416;BUSH;27
Euroricambi;88530555;BUSH;67
Euroricambi;56170259;BUSH D.75 MM;0
Bosch;445120123;Nozzle Common Rail Cummins;61
Bosch;1987479121;1L DOT 5.1;0
Bosch;124655019;ALTERNATOR;79
Bosch;124655012;ALTERNATOR;27
Bosch;120468137;Alternator;60
Bosch;120468154;ALTERNATOR;73
Bosch;986034210;ALTERNATOR;40
Bosch;2007010133;ARMATURE;27
Bosch;1120905525;BALL BEARI;70
Bosch;0123315501;generator;29
Borg Warner;53299887123;Turbocharger;57
Borg Warner;20003948;Assem;57
Borg Warner;20006302;Drive;0
Borg Warner;20004258;Drive;20
Borg Warner;20004264;Drive;80
Borg Warner;20003789;Fan;62
ZF;0631329167;Cutting pin;75
ZF;734319439;OIL SEAL;73
ZF;501323740;O-RING;87
ZF;634303719;O-RING;87
ZF;634303674;O-RING;0
Templin;02.090.7820.060;//7820.06//;62
Templin;0242.6 S;//0242.6 S//brake shaft repair kit BPW;66
Templin;03.020.0242.7 S;//0242.7 S//brake shaft repair kit BPW;0
Templin;0242.74;//0242.74//Stepladders spring 365/128/M24*3;96
MAN;81.97006-0050;GASFEDER;62
MAN;81.96410-0564;Cap;72
MAN;06.71819-0114;Cap 9,5-BL;81
MAN;51.03401-6039;Cylinder head cover;37
Diesel Technic;3.63007;Thrust transverse steering L=1625 MAN F2000 94-->;25
Diesel Technic;2.16235;Air pressure cylinder;0
Diesel Technic;10.66008;Air spring;0
Diesel Technic;7.12035;Air spring;54
Diesel Technic;4.65261;Alternator;79
Sampa;0510 0051;RECEIVER MB (06529/010216/0001412/110 );67
Sampa;031.451;Cylinder block;71
Sampa;020.459;6-grain. collar accumulator battery M16X1,5-10-A3C;56
Sampa;104.183;6-point lock accumulator battery AM18X2-10-MAN1;85
Sampa;022.169;6-faced setscrew M20X2X320-10;78
Sampa;18400368;ABDECKUNG;0
Bosch;1987947662;V-belt;64
Bosch;0 092 T40 750;accumulator battery 12V 140 Ah  800A;0
Bosch;0 092 T30 800;accumulator battery 12V 200Ah 1050A "left";0
Bosch;0 092 T50 770;accumulator battery 180 Ah/1000A 513*223*223 DAF/Iveco/MAN/MB/Scania;17
Bosch;0 092 T30 560;accumulator battery 190 Ah 1200A;85
Knorr;LP4985;Compressor;23
Knorr;LP4957;AIR COMPRE;79
Knorr;I94064000;AIR COMPRESSOR;83
Knorr;K007564;AIR COMPRESSOR;0
Knorr;Z0013572;Air Disc Brake;49
Febi;02310;//0243.59//;37
Febi;21998F;21998F_double thermostat 88∞—! \Scania 114-144;76
Febi;26879F;26879F_door lock core with keys \ RVI Magnum;86
Iveco;42100481;VALVE;69
Iveco;98495034;INJECT.LINE SET;0
Iveco;98493659;INJECTION LINE;15
Iveco;99434329;INJECTION PIPE SET;34
Iveco;93194279;INJECTOR;30
RVI;5001867537;VALVE;62
RVI;7482492418;ACCELERATOR PEDAL;27
RVI;7421396697;ADAPTER;39
RVI;7421317459;ADJUSTING WASHER;19
MB;A0034305981;VALVE;93
MB;A9703530452;ABSTANDSCHEIBE;39
MB;A4443200489;actuating bar left;20
MB;A4443200589;actuating bar right;0
MB;A9343200327;ACTUATING LEVER;16
Volvo;3594288;VALVE;0
Volvo;20937270;ADD-ON KIT;19
Volvo;20443565;ADJUSTER KIT;34
Volvo;1590605;ADJUSTING accumulator battery;16
Volvo;3099257;ADJUSTING PIN;16
Volvo;20734483;ADJUSTING RING;0
Ã‡ ÓÌ;A21R23.3501171;Brake shoes for GAZelle NEXT Front set 4 pieces MARCON;27
Ã‡ ÓÌ;21250340;Front brake shoe full set (4 pieces set) 185*84*34;26
Weweler;A010T226ZA00;Leaf 1 leaf springs;69
Weweler;A088T352ZA00;SPRING LEA;0
Weweler;F088T153AA30;SPRING LEA;100
Weweler;A022T284ZA00;SPRING LEAF;31
Contitech;6600NP01;Airbag with a glass;19
Contitech;SZ 50- 9 P02;AIR BELLOWS;0
Contitech;4186 N P23;AIR SPRING BELLOWS;62
Contitech;7PK1175;Alfa 164 2.T V6 92-98, Lancia Thema 3. V6 92-95;0
Contitech;10X1650;Avx1 x 165 (contitech);17
Hyundai;876217F150;GLASS MIRROR DOORS;96
Hyundai;361202B100;Retractor relay starter;67
Hyundai;529855H500 ZZ;NUT;41
Hyundai;529865H500 ZZ;NUT;79
Kassbohrer;21330000035;(SAF packaged) Suspension damper 318/489 20*78/20*68 O/O SAF packaged 2376007101;55
Kassbohrer;21151103199;(Wabco packaged) Air distributor with release valve PREV DAF/SÒania/Krone packaged 9710029120;69
Kassbohrer;21150110010;(Wabco packaged) Cable ABS L=5100 DAF/MAZ packaged 4497120510;52
Kassbohrer;21153104010;(Wabco packaged) Crane lifting crane DAF/BPW/SAF/Fruehauf packaged 4630840000;42
Kassbohrer;21151103151;(Wabco packaged) Floor level crane BPW/DAF/Schmitz packaged 4640061000;0
Templin;0196.08;//0196.08//NUT M24*1.5;0
Templin;04.080.0239.097;//0239.097//Bolt of fastening of a pillow M16*2.0*70 813mb;53
Templin;0909.3 S;//0909.3 S//;77
Templin;11.050.0243.110;//0913.11//;69
Templin;0914.01;//0914.01//;72
Templin;0914.24;//0914.24//;50
Templin;02.190.0914.240;//0914.24//;0
Templin;08.120.0915.1 S;//0915.1S//;92
Templin;03.110.0922.010;//0922.011//Brake disc 324*30*102;96
Templin;03.110.0922.040;//0922.041//Brake disc 330*34*124;98
