Luk;LUK
Luk;LuK truck
Luk;LuK RUS
Luk;INA/LUK
Luk;Luk
Wabco;WABCO-WUERTH
Wabco;WABCO_1
Wabco;WABCO_SA
Wabco;WABCO-Dryer
WABCO;WAB
WABCO;WABCO
Wabco;Wabco
Eberspacher;EBERSPACHER
Eberspacher;EBERSPAECHER
Eberspacher;EBERSPECHER
Eberspacher;Eberspasher
Eberspacher;Eberspaecher EKS
Eberspacher;EBERSPACHE
Eberspacher;Eberspeсher
Eberspacher;Eberspacher
Euroricambi;EURORICAMB
Euroricambi;EURORICAMBI
Euroricambi;Euroricambi
Bosch;Bosch truck
Bosch;Bosh_CS
Bosch;BOSCH 1
BOSCH;BOSCH.
Bosch;Bosch
Borg Warner;BORGWARNER
Borg Warner;BorgWarner Turbo Systems GmbH
Borg Warner;3K
Borg Warner;Borg Warner
ZF;ZF Friedrichshafen
ZF;ZF Friedrichshafen AG
ZF;ZF Lenksysteme
ZF;ZF PARTS
ZF;ZF Service
ZF;ZF TRADING
ZF;Z.F.
ZF;ZF Lenkung
ZF;ZF Getriebe
ZF;ZF Lenksystem
ZF;ZF Passau
ZF;ZF
Templin;ST-TEMPLIN
Templin;TEMPLIN (ST)
Templin;Siegfried Templin GmbH & Co. KG
Templin;Siegfried Templin Gmbh+Co.KG
Templin;Templin
MAN;man original
MAN;M.A.N.
MAN;MAN
Diesel Technic;DieselTechnic
Diesel Technic;D.TECHNIC
Diesel Technic;DT-Diesel Technic
Diesel Technic;DIESEL TEC
Diesel Technic;DT
Diesel Technic;DT Bearing
Diesel Technic;DT_CS
Diesel Technic;DT_Engine
Diesel Technic;DT-KUP
Diesel Technic;DIESEL TECHNIC
Diesel Technic;Diesel Technic
Sampa;Sampa/Frenotruck
Sampa;Sampa
Knorr;KNORR BREMSE
Knorr;KNORR-BREMSE
Knorr;Knorr-Bremse Ferkendszeker Kft.
Knorr;Knorr_1
Knorr;OE-KNORR
Knorr;Knorr
Febi;FeBi
Febi;Febi truck
Febi;FEBI-BILSTEIN
Febi;FEBI BILSTEIN
Febi;Febi
Iveco;ивеко
Iveco;IVECO ORIGINAL
Iveco;IVEСO
Iveco;Iveco
RVI;Renault-RVI
RVI;RENAULT  VI
RVI;REN
RVI;Renault
RVI;RENAULT TRUCKS
RVI;RVI
RVI;RENAULT RVI
RVI;Renault/RVI
RVI;RT
RVI;RVI
MB;Mercedes Benz
MB;MERCEDES-BENZ
MB;mb original
MB;Mercedes
MB;Mersedes-Benz
MB;MB accessories
MB;MB
Volvo;Volvo
Volvo;Volvo Truck&Bus
Volvo;VOLVO ORIGINAL
Volvo;USA-Volvo
Volvo;Volvo-filter
Volvo;Volvo Construction
Volvo;OE-VOLVO
Volvo;VOLVO USA
Volvo;Volvo Truck
Volvo;Volvo Parts
Volvo;VO
Volvo;Volvo
МарКон;Markon
МарКон;Marcon
МарКон;Мар Кон
МарКон;Мар-Кон
МарКон;Mar Kon
МарКон;Mar-Kon
МарКон;Mar Con
МарКон;Mar-Con
МарКон;МарКон
Weweler;WEW
Weweler;Weweler-Colaert NV
Weweler;Weweler
Contitech;Conti
Contitech;ContiTech truck
Contitech;Contitech
Hyundai;Hyundai/KIA
Hyundai;Hyundai-Kia
Hyundai;H
Hyundai;Hyundai
Kassbohrer;Kassbohrer
